Standard,Gent,3,2
Kortrijk,Anderlecht,1,4
Oostende,Mouscron,2,1
St Truiden,Cercle Brugge,0,0
Waregem,Waasland-Beveren,2,2
Charleroi,Antwerp,0,1
Club Brugge,Eupen,5,2
Lokeren,Genk,0,4
Waasland-Beveren,Standard,0,0
Antwerp,Kortrijk,0,0
Cercle Brugge,Lokeren,3,2
Eupen,Charleroi,1,4
Gent,Waregem,1,1
Anderlecht,Oostende,5,2
Genk,St Truiden,1,1
Mouscron,Club Brugge,0,1
Club Brugge,Kortrijk,3,0
Mouscron,Antwerp,0,1
St Truiden,Lokeren,1,1
Standard,Cercle Brugge,0,0
Waregem,Eupen,4,0
Charleroi,Anderlecht,1,2
Gent,Waasland-Beveren,4,1
Oostende,Genk,0,2
Anderlecht,Mouscron,2,0
Cercle Brugge,Waregem,3,1
Kortrijk,Oostende,1,2
Lokeren,Standard,0,3
Waasland-Beveren,St Truiden,2,2
Antwerp,Club Brugge,1,1
Eupen,Gent,2,3
Genk,Charleroi,3,1
Oostende,Waregem,3,1
Antwerp,Cercle Brugge,1,0
Charleroi,Kortrijk,0,2
Mouscron,Eupen,0,1
Standard,St Truiden,3,2
Club Brugge,Anderlecht,2,1
Genk,Waasland-Beveren,3,2
Gent,Lokeren,2,1
Waregem,Club Brugge,2,5
Charleroi,Mouscron,3,1
Eupen,Standard,2,1
Lokeren,Waasland-Beveren,1,0
St Truiden,Oostende,1,0
Anderlecht,Antwerp,1,1
Cercle Brugge,Gent,0,3
Kortrijk,Genk,3,3
Club Brugge,Lokeren,2,1
Genk,Anderlecht,1,0
Oostende,Cercle Brugge,1,1
Standard,Charleroi,0,0
Waasland-Beveren,Eupen,0,0
Antwerp,Waregem,5,1
Gent,St Truiden,1,2
Mouscron,Kortrijk,1,0
Waregem,Kortrijk,0,2
Eupen,Oostende,1,2
Lokeren,Mouscron,0,0
St Truiden,Antwerp,2,0
Waasland-Beveren,Charleroi,1,1
Anderlecht,Standard,2,1
Cercle Brugge,Genk,2,5
Gent,Club Brugge,0,4
Kortrijk,Eupen,1,3
Charleroi,Lokeren,2,1
Club Brugge,Cercle Brugge,4,0
Genk,Waregem,4,0
Mouscron,Waasland-Beveren,0,3
Anderlecht,St Truiden,0,0
Antwerp,Gent,2,2
Oostende,Standard,1,3
Cercle Brugge,Charleroi,2,1
Eupen,Antwerp,1,2
Lokeren,Kortrijk,1,3
St Truiden,Mouscron,3,1
Waasland-Beveren,Oostende,1,1
Gent,Genk,1,5
Standard,Club Brugge,3,1
Waregem,Anderlecht,1,2
Club Brugge,Waasland-Beveren,1,1
Antwerp,Lokeren,2,1
Genk,Eupen,2,1
Kortrijk,St Truiden,3,1
Mouscron,Standard,0,0
Anderlecht,Cercle Brugge,4,2
Charleroi,Waregem,3,2
Oostende,Gent,0,4
Gent,Charleroi,2,1
Cercle Brugge,Kortrijk,1,1
Lokeren,Oostende,0,0
St Truiden,Club Brugge,2,2
Waregem,Mouscron,2,2
Eupen,Anderlecht,2,1
Standard,Genk,1,1
Waasland-Beveren,Antwerp,0,1
Charleroi,St Truiden,1,0
Club Brugge,Oostende,4,0
Mouscron,Gent,3,1
Antwerp,Genk,2,4
Eupen,Cercle Brugge,2,0
Kortrijk,Waasland-Beveren,2,2
Anderlecht,Lokeren,1,1
Waregem,Standard,3,1
Oostende,Charleroi,2,1
Cercle Brugge,Mouscron,2,1
Genk,Club Brugge,1,1
Gent,Kortrijk,3,1
Lokeren,Eupen,2,0
St Truiden,Waregem,2,1
Standard,Antwerp,0,2
Waasland-Beveren,Anderlecht,1,2
Antwerp,Oostende,2,0
Cercle Brugge,Waasland-Beveren,2,0
Charleroi,Club Brugge,2,1
Eupen,St Truiden,1,4
Waregem,Lokeren,2,0
Anderlecht,Gent,2,0
Kortrijk,Standard,0,2
Mouscron,Genk,0,0
Club Brugge,Waregem,1,3
Genk,Cercle Brugge,1,2
Oostende,Kortrijk,1,2
Standard,Eupen,3,0
Waasland-Beveren,Mouscron,1,2
Gent,Antwerp,0,0
Lokeren,Charleroi,2,4
St Truiden,Anderlecht,4,2
Lokeren,Gent,2,2
Antwerp,St Truiden,1,3
Charleroi,Cercle Brugge,3,1
Kortrijk,Mouscron,1,0
Waregem,Oostende,1,1
Anderlecht,Genk,0,1
Club Brugge,Standard,3,0
Eupen,Waasland-Beveren,1,0
Waasland-Beveren,Club Brugge,2,1
Genk,Kortrijk,1,1
Mouscron,Waregem,0,0
Oostende,Lokeren,1,0
St Truiden,Standard,1,1
Anderlecht,Charleroi,1,1
Cercle Brugge,Antwerp,0,3
Gent,Eupen,2,0
Marseille,Toulouse,4,0
Angers,Nimes,3,4
Lille,Rennes,3,1
Montpellier,Dijon,1,2
Nantes,Monaco,1,3
Nice,Reims,0,1
St Etienne,Guingamp,2,1
Bordeaux,Strasbourg,0,2
Lyon,Amiens,2,0
Paris SG,Caen,3,0
Reims,Lyon,1,0
Amiens,Montpellier,1,2
Caen,Nice,1,1
Dijon,Nantes,2,0
Guingamp,Paris SG,1,3
Monaco,Lille,0,0
Rennes,Angers,1,0
Nimes,Marseille,3,1
Strasbourg,St Etienne,1,1
Toulouse,Bordeaux,2,1
Lyon,Strasbourg,2,0
Amiens,Reims,4,1
Montpellier,St Etienne,0,0
Nantes,Caen,1,1
Nice,Dijon,0,4
Paris SG,Angers,3,1
Toulouse,Nimes,1,0
Bordeaux,Monaco,2,1
Lille,Guingamp,3,0
Marseille,Rennes,2,2
Lyon,Nice,0,1
Angers,Lille,1,0
Dijon,Caen,0,2
Guingamp,Toulouse,1,2
Nimes,Paris SG,2,4
Reims,Montpellier,0,1
Strasbourg,Nantes,2,3
Monaco,Marseille,2,3
Rennes,Bordeaux,2,0
St Etienne,Amiens,0,0
Nice,Rennes,2,1
Paris SG,St Etienne,4,0
Amiens,Lille,2,3
Caen,Lyon,2,2
Dijon,Angers,1,3
Montpellier,Strasbourg,1,1
Toulouse,Monaco,1,1
Bordeaux,Nimes,3,3
Marseille,Guingamp,4,0
Nantes,Reims,0,0
Monaco,Nimes,1,1
Angers,Toulouse,0,0
Lille,Nantes,2,1
Montpellier,Nice,1,0
Reims,Dijon,0,0
St Etienne,Caen,2,1
Strasbourg,Amiens,3,1
Guingamp,Bordeaux,1,3
Lyon,Marseille,4,2
Rennes,Paris SG,1,3
Monaco,Angers,0,1
Nantes,Nice,1,2
Toulouse,St Etienne,2,3
Amiens,Rennes,2,1
Bordeaux,Lille,1,0
Caen,Montpellier,2,2
Dijon,Lyon,0,3
Marseille,Strasbourg,3,2
Nimes,Guingamp,0,0
Paris SG,Reims,4,1
St Etienne,Monaco,2,0
Angers,Guingamp,0,1
Caen,Amiens,1,0
Lyon,Nantes,1,1
Nice,Paris SG,0,3
Reims,Bordeaux,0,0
Strasbourg,Dijon,3,0
Lille,Marseille,3,0
Montpellier,Nimes,3,0
Rennes,Toulouse,1,1
Toulouse,Nice,1,1
Amiens,Dijon,1,0
Angers,Strasbourg,2,2
Guingamp,Montpellier,1,1
Lille,St Etienne,3,1
Nimes,Reims,0,0
Bordeaux,Nantes,3,0
Marseille,Caen,2,0
Monaco,Rennes,1,2
Paris SG,Lyon,5,0
Lyon,Nimes,2,0
Caen,Guingamp,0,0
Dijon,Lille,1,2
Nantes,Toulouse,4,0
Paris SG,Amiens,5,0
Reims,Angers,1,1
Strasbourg,Monaco,2,1
Montpellier,Bordeaux,2,0
Nice,Marseille,0,1
St Etienne,Rennes,1,1
Nimes,St Etienne,1,1
Amiens,Nantes,1,2
Angers,Lyon,1,2
Guingamp,Strasbourg,1,1
Lille,Caen,1,0
Monaco,Dijon,2,2
Toulouse,Montpellier,0,3
Bordeaux,Nice,0,1
Marseille,Paris SG,0,2
Rennes,Reims,0,2
Paris SG,Lille,2,1
Caen,Rennes,1,2
Dijon,Nimes,0,4
Lyon,Bordeaux,1,1
Nice,Amiens,1,0
Reims,Monaco,1,0
Strasbourg,Toulouse,1,1
Montpellier,Marseille,3,0
Nantes,Guingamp,5,0
St Etienne,Angers,4,3
Lille,Strasbourg,0,0
Angers,Montpellier,1,0
Guingamp,Lyon,2,4
Nimes,Nice,0,1
St Etienne,Reims,2,0
Toulouse,Amiens,0,1
Bordeaux,Caen,0,0
Marseille,Dijon,2,0
Monaco,Paris SG,0,4
Rennes,Nantes,1,1
Lyon,St Etienne,1,0
Caen,Monaco,0,1
Dijon,Bordeaux,0,0
Nantes,Angers,1,1
Paris SG,Toulouse,1,0
Reims,Guingamp,2,1
Strasbourg,Nimes,0,1
Amiens,Marseille,1,3
Montpellier,Rennes,2,2
Nice,Lille,2,0
St Etienne,Nantes,3,0
Angers,Caen,1,1
Guingamp,Nice,0,0
Lille,Lyon,2,2
Monaco,Montpellier,1,2
Nimes,Amiens,3,0
Bordeaux,Paris SG,2,2
Marseille,Reims,0,0
Rennes,Strasbourg,1,4
Toulouse,Dijon,2,2
Amiens,Monaco,0,2
Montpellier,Lille,0,1
Nice,Angers,0,0
Bordeaux,St Etienne,3,2
Caen,Nimes,1,2
Dijon,Guingamp,2,1
Lyon,Rennes,0,2
Nantes,Marseille,3,2
Reims,Toulouse,0,1
Strasbourg,Paris SG,1,1
Guingamp,Amiens,1,2
Rennes,Dijon,2,0
Lille,Reims,1,1
Strasbourg,Caen,2,2
Celtic,Livingston,3,1
Hamilton,Hearts,1,4
Kilmarnock,St Johnstone,2,0
St Mirren,Dundee,2,1
Aberdeen,Rangers,1,1
Hibernian,Motherwell,3,0
Dundee,Aberdeen,0,1
Hearts,Celtic,1,0
Livingston,Kilmarnock,0,0
Motherwell,Hamilton,0,1
Rangers,St Mirren,2,0
St Johnstone,Hibernian,1,1
Hibernian,Aberdeen,1,1
Kilmarnock,Hearts,0,1
St Johnstone,Dundee,1,0
St Mirren,Livingston,0,2
Celtic,Hamilton,1,0
Motherwell,Rangers,3,3
Aberdeen,Kilmarnock,0,2
Dundee,Motherwell,1,3
Hamilton,St Johnstone,1,2
Hearts,St Mirren,4,1
Livingston,Hibernian,2,1
Celtic,Rangers,1,0
St Mirren,Celtic,0,0
Hibernian,Kilmarnock,3,2
Livingston,Hamilton,1,0
Motherwell,Hearts,0,1
Rangers,Dundee,4,0
St Johnstone,Aberdeen,1,1
Aberdeen,Motherwell,1,0
Dundee,Hibernian,0,3
Hamilton,St Mirren,3,0
Hearts,Livingston,0,0
Kilmarnock,Celtic,2,1
Rangers,St Johnstone,5,1
Celtic,Aberdeen,1,0
Hamilton,Dundee,0,2
Hearts,St Johnstone,2,1
Kilmarnock,Motherwell,3,1
St Mirren,Hibernian,0,1
Livingston,Rangers,1,0
Aberdeen,St Mirren,4,1
Dundee,Kilmarnock,1,2
Hibernian,Hamilton,6,0
Motherwell,Livingston,1,1
Rangers,Hearts,3,1
St Johnstone,Celtic,0,6
Celtic,Hibernian,4,2
Hearts,Aberdeen,2,1
Livingston,Dundee,4,0
Motherwell,St Johnstone,0,1
St Mirren,Kilmarnock,1,2
Hamilton,Rangers,1,4
Dundee,Hearts,0,3
Kilmarnock,Hamilton,1,1
St Johnstone,St Mirren,2,0
Aberdeen,Hamilton,3,0
Dundee,Celtic,0,5
Hearts,Hibernian,0,0
Livingston,St Johnstone,0,1
Rangers,Kilmarnock,1,1
St Mirren,Motherwell,0,2
Celtic,Hearts,5,0
Hamilton,Livingston,1,0
Hibernian,St Johnstone,0,1
Motherwell,Dundee,1,0
St Mirren,Rangers,0,2
Kilmarnock,Aberdeen,1,2
Aberdeen,Hibernian,1,0
Dundee,St Mirren,1,1
Hearts,Kilmarnock,0,1
St Johnstone,Hamilton,4,0
Livingston,Celtic,0,0
Rangers,Motherwell,7,1
Hamilton,Celtic,0,3
Hibernian,Dundee,2,2
Motherwell,Aberdeen,3,0
Rangers,Livingston,3,0
St Johnstone,Kilmarnock,0,0
St Mirren,Hearts,2,0
Kilmarnock,Hibernian,3,0
Livingston,Motherwell,2,0
St Mirren,Hamilton,1,3
Hearts,Rangers,1,2
Dundee,Hamilton,4,0
Hibernian,St Mirren,2,2
Kilmarnock,Livingston,2,0
Motherwell,Celtic,1,1
Rangers,Aberdeen,0,1
St Johnstone,Hearts,2,2
Aberdeen,St Johnstone,0,2
Celtic,Kilmarnock,5,1
Hamilton,Hibernian,0,1
Hearts,Motherwell,1,0
Livingston,St Mirren,3,1
Dundee,Rangers,1,1
Betis,Levante,0,3
Girona,Valladolid,0,0
Barcelona,Alaves,3,0
Celta,Espanol,1,1
Villarreal,Sociedad,1,2
Eibar,Huesca,1,2
Real Madrid,Getafe,2,0
Vallecano,Sevilla,1,4
Ath Bilbao,Leganes,2,1
Valencia,Ath Madrid,1,1
Getafe,Eibar,2,0
Leganes,Sociedad,2,2
Alaves,Betis,0,0
Ath Madrid,Vallecano,1,0
Valladolid,Barcelona,0,1
Espanol,Valencia,2,0
Girona,Real Madrid,1,4
Sevilla,Villarreal,0,0
Ath Bilbao,Huesca,2,2
Levante,Celta,1,2
Eibar,Sociedad,2,1
Getafe,Valladolid,0,0
Villarreal,Girona,0,1
Celta,Ath Madrid,2,0
Real Madrid,Leganes,4,1
Alaves,Espanol,2,1
Barcelona,Huesca,8,2
Betis,Sevilla,1,0
Levante,Valencia,2,2
Huesca,Vallecano,0,1
Ath Bilbao,Real Madrid,1,1
Ath Madrid,Eibar,1,1
Sociedad,Barcelona,1,2
Valencia,Betis,0,0
Espanol,Levante,1,0
Leganes,Villarreal,0,1
Sevilla,Getafe,0,2
Valladolid,Alaves,0,1
Girona,Celta,3,2
Huesca,Sociedad,0,1
Celta,Valladolid,3,3
Eibar,Leganes,1,0
Getafe,Ath Madrid,0,2
Real Madrid,Espanol,1,0
Vallecano,Alaves,1,5
Barcelona,Girona,2,2
Betis,Ath Bilbao,2,2
Levante,Sevilla,2,6
Villarreal,Valencia,0,0
Ath Madrid,Huesca,3,0
Espanol,Eibar,1,0
Sociedad,Vallecano,2,2
Ath Bilbao,Villarreal,0,3
Leganes,Barcelona,2,1
Sevilla,Real Madrid,3,0
Valencia,Celta,1,1
Alaves,Getafe,1,1
Girona,Betis,0,1
Valladolid,Levante,2,1
Vallecano,Espanol,2,2
Barcelona,Ath Bilbao,1,1
Eibar,Sevilla,1,3
Real Madrid,Ath Madrid,0,0
Sociedad,Valencia,0,1
Betis,Leganes,1,0
Huesca,Girona,1,1
Levante,Alaves,2,1
Villarreal,Valladolid,0,1
Celta,Getafe,1,1
Ath Bilbao,Sociedad,1,3
Alaves,Real Madrid,1,0
Getafe,Levante,0,1
Girona,Eibar,2,3
Leganes,Vallecano,1,0
Ath Madrid,Betis,1,0
Espanol,Villarreal,3,1
Sevilla,Celta,2,1
Valencia,Barcelona,1,1
Valladolid,Huesca,1,0
Celta,Alaves,0,1
Barcelona,Sevilla,4,2
Real Madrid,Levante,1,2
Valencia,Leganes,1,1
Villarreal,Ath Madrid,1,1
Betis,Valladolid,0,1
Eibar,Ath Bilbao,1,1
Huesca,Espanol,0,2
Vallecano,Getafe,1,2
Sociedad,Girona,0,0
Vallecano,Ath Bilbao,1,1
Valladolid,Espanol,1,1
Ath Bilbao,Valencia,0,0
Ath Madrid,Sociedad,2,0
Celta,Eibar,4,0
Girona,Vallecano,2,1
Levante,Leganes,2,0
Alaves,Villarreal,2,1
Barcelona,Real Madrid,5,1
Getafe,Betis,2,0
Sevilla,Huesca,2,1
Leganes,Ath Madrid,1,1
Real Madrid,Valladolid,2,0
Valencia,Girona,0,1
Vallecano,Barcelona,2,3
Betis,Celta,3,3
Eibar,Alaves,2,1
Huesca,Getafe,1,1
Sociedad,Sevilla,0,0
Villarreal,Levante,1,1
Espanol,Ath Bilbao,1,0
Levante,Sociedad,1,3
Ath Madrid,Ath Bilbao,3,2
Getafe,Valencia,0,1
Girona,Leganes,0,0
Valladolid,Eibar,0,0
Alaves,Huesca,2,1
Barcelona,Betis,3,4
Celta,Real Madrid,2,4
Sevilla,Espanol,2,1
Vallecano,Villarreal,2,2
Leganes,Alaves,1,0
Ath Madrid,Barcelona,1,1
Eibar,Real Madrid,3,0
Huesca,Levante,2,2
Valencia,Vallecano,3,0
Ath Bilbao,Getafe,1,1
Espanol,Girona,1,3
Sevilla,Valladolid,1,0
Villarreal,Betis,2,1
Sociedad,Celta,2,1
Vallecano,Eibar,1,0
Celta,Huesca,2,0
Getafe,Espanol,3,0
Real Madrid,Valencia,2,0
Valladolid,Leganes,2,4
Alaves,Sevilla,1,1
Barcelona,Villarreal,2,0
Betis,Sociedad,1,0
Girona,Ath Madrid,1,1
Levante,Ath Bilbao,3,0
Leganes,Getafe,1,1
Ath Madrid,Alaves,3,0
Espanol,Barcelona,0,4
Valencia,Sevilla,1,1
Villarreal,Celta,2,3
Betis,Vallecano,2,0
Eibar,Levante,4,4
Huesca,Real Madrid,0,1
Sociedad,Valladolid,1,2
Man United,Leicester,2,1
Bournemouth,Cardiff,2,0
Fulham,Crystal Palace,0,2
Huddersfield,Chelsea,0,3
Newcastle,Tottenham,1,2
Watford,Brighton,2,0
Wolves,Everton,2,2
Arsenal,Man City,0,2
Liverpool,West Ham,4,0
Southampton,Burnley,0,0
Cardiff,Newcastle,0,0
Chelsea,Arsenal,3,2
Everton,Southampton,2,1
Leicester,Wolves,2,0
Tottenham,Fulham,3,1
West Ham,Bournemouth,1,2
Brighton,Man United,3,2
Burnley,Watford,1,3
Man City,Huddersfield,6,1
Crystal Palace,Liverpool,0,2
Arsenal,West Ham,3,1
Bournemouth,Everton,2,2
Huddersfield,Cardiff,0,0
Liverpool,Brighton,1,0
Southampton,Leicester,1,2
Wolves,Man City,1,1
Fulham,Burnley,4,2
Newcastle,Chelsea,1,2
Watford,Crystal Palace,2,1
Man United,Tottenham,0,3
Brighton,Fulham,2,2
Chelsea,Bournemouth,2,0
Crystal Palace,Southampton,0,2
Everton,Huddersfield,1,1
Leicester,Liverpool,1,2
Man City,Newcastle,2,1
West Ham,Wolves,0,1
Burnley,Man United,0,2
Cardiff,Arsenal,2,3
Watford,Tottenham,2,1
Bournemouth,Leicester,4,2
Chelsea,Cardiff,4,1
Huddersfield,Crystal Palace,0,1
Man City,Fulham,3,0
Newcastle,Arsenal,1,2
Tottenham,Liverpool,1,2
Watford,Man United,1,2
Everton,West Ham,1,3
Wolves,Burnley,1,0
Southampton,Brighton,2,2
Brighton,Tottenham,1,2
Burnley,Bournemouth,4,0
Cardiff,Man City,0,5
Crystal Palace,Newcastle,0,0
Fulham,Watford,1,1
Leicester,Huddersfield,3,1
Liverpool,Southampton,3,0
Man United,Wolves,1,1
Arsenal,Everton,2,0
West Ham,Chelsea,0,0
Arsenal,Watford,2,0
Chelsea,Liverpool,1,1
Everton,Fulham,3,0
Huddersfield,Tottenham,0,2
Man City,Brighton,2,0
Newcastle,Leicester,0,2
West Ham,Man United,3,1
Wolves,Southampton,2,0
Cardiff,Burnley,1,2
Bournemouth,Crystal Palace,2,1
Brighton,West Ham,1,0
Burnley,Huddersfield,1,1
Crystal Palace,Wolves,0,1
Leicester,Everton,1,2
Man United,Newcastle,3,2
Tottenham,Cardiff,1,0
Watford,Bournemouth,0,4
Fulham,Arsenal,1,5
Liverpool,Man City,0,0
Southampton,Chelsea,0,3
Bournemouth,Southampton,0,0
Cardiff,Fulham,4,2
Chelsea,Man United,2,2
Huddersfield,Liverpool,0,1
Man City,Burnley,5,0
Newcastle,Brighton,0,1
West Ham,Tottenham,0,1
Wolves,Watford,0,2
Everton,Crystal Palace,2,0
Arsenal,Leicester,3,1
Brighton,Wolves,1,0
Fulham,Bournemouth,0,3
Leicester,West Ham,1,1
Liverpool,Cardiff,4,1
Southampton,Newcastle,0,0
Watford,Huddersfield,3,0
Burnley,Chelsea,0,4
Crystal Palace,Arsenal,2,2
Man United,Everton,2,1
Tottenham,Man City,0,1
Arsenal,Liverpool,1,1
Bournemouth,Man United,1,2
Cardiff,Leicester,0,1
Everton,Brighton,3,1
Newcastle,Watford,1,0
West Ham,Burnley,4,2
Wolves,Tottenham,2,3
Chelsea,Crystal Palace,3,1
Man City,Southampton,6,1
Huddersfield,Fulham,1,0
Cardiff,Brighton,2,1
Crystal Palace,Tottenham,0,1
Huddersfield,West Ham,1,1
Leicester,Burnley,0,0
Newcastle,Bournemouth,2,1
Southampton,Watford,1,1
Arsenal,Wolves,1,1
Chelsea,Everton,0,0
Liverpool,Fulham,2,0
Man City,Man United,3,1
Brighton,Leicester,1,1
Everton,Cardiff,1,0
Fulham,Southampton,3,2
Man United,Crystal Palace,0,0
Tottenham,Chelsea,3,1
Watford,Liverpool,0,3
West Ham,Man City,0,4
Bournemouth,Arsenal,1,2
Wolves,Huddersfield,0,2
Burnley,Newcastle,1,2
Cardiff,Wolves,2,1
Crystal Palace,Burnley,2,0
Huddersfield,Brighton,1,2
Leicester,Watford,2,0
Man City,Bournemouth,3,1
Newcastle,West Ham,0,3
Southampton,Man United,2,2
Arsenal,Tottenham,4,2
Chelsea,Fulham,2,0
Liverpool,Everton,1,0
Bournemouth,Huddersfield,2,1
Brighton,Crystal Palace,3,1
Watford,Man City,1,2
West Ham,Cardiff,3,1
Burnley,Liverpool,1,3
Everton,Newcastle,1,1
Fulham,Leicester,1,1
Man United,Arsenal,2,2
Tottenham,Southampton,3,1
Wolves,Chelsea,2,1
Arsenal,Huddersfield,1,0
Bournemouth,Liverpool,0,4
Burnley,Brighton,1,0
Cardiff,Southampton,1,0
Chelsea,Man City,2,0
Leicester,Tottenham,0,2
Man United,Fulham,4,1
West Ham,Crystal Palace,3,2
Newcastle,Wolves,1,2
Bayern Munich,Hoffenheim,3,1
Fortuna Dusseldorf,Augsburg,1,2
Freiburg,Ein Frankfurt,0,2
Hertha,Nurnberg,1,0
M'gladbach,Leverkusen,2,0
Werder Bremen,Hannover,1,1
Wolfsburg,Schalke 04,2,1
Dortmund,RB Leipzig,4,1
Mainz,Stuttgart,1,0
Hannover,Dortmund,0,0
Augsburg,M'gladbach,1,1
Ein Frankfurt,Werder Bremen,1,2
Hoffenheim,Freiburg,3,1
Leverkusen,Wolfsburg,1,3
Nurnberg,Mainz,1,1
Stuttgart,Bayern Munich,0,3
RB Leipzig,Fortuna Dusseldorf,1,1
Schalke 04,Hertha,0,2
Dortmund,Ein Frankfurt,3,1
Bayern Munich,Leverkusen,3,1
Fortuna Dusseldorf,Hoffenheim,2,1
Mainz,Augsburg,2,1
M'gladbach,Schalke 04,2,1
RB Leipzig,Hannover,3,2
Wolfsburg,Hertha,2,2
Freiburg,Stuttgart,3,3
Werder Bremen,Nurnberg,1,1
Stuttgart,Fortuna Dusseldorf,0,0
Augsburg,Werder Bremen,2,3
Hertha,M'gladbach,4,2
Hoffenheim,Dortmund,1,1
Nurnberg,Hannover,2,0
Schalke 04,Bayern Munich,0,2
Wolfsburg,Freiburg,1,3
Ein Frankfurt,RB Leipzig,1,1
Leverkusen,Mainz,1,0
Bayern Munich,Augsburg,1,1
Freiburg,Schalke 04,1,0
Hannover,Hoffenheim,1,3
Werder Bremen,Hertha,3,1
Dortmund,Nurnberg,7,0
Fortuna Dusseldorf,Leverkusen,1,2
Mainz,Wolfsburg,0,0
M'gladbach,Ein Frankfurt,3,1
RB Leipzig,Stuttgart,2,0
Hertha,Bayern Munich,2,0
Hoffenheim,RB Leipzig,1,2
Leverkusen,Dortmund,2,4
Nurnberg,Fortuna Dusseldorf,3,0
Schalke 04,Mainz,1,0
Stuttgart,Werder Bremen,2,1
Wolfsburg,M'gladbach,2,2
Augsburg,Freiburg,4,1
Ein Frankfurt,Hannover,4,1
Werder Bremen,Wolfsburg,2,0
Bayern Munich,M'gladbach,0,3
Dortmund,Augsburg,4,3
Fortuna Dusseldorf,Schalke 04,0,2
Hannover,Stuttgart,3,1
Mainz,Hertha,0,0
Freiburg,Leverkusen,0,0
Hoffenheim,Ein Frankfurt,1,2
RB Leipzig,Nurnberg,6,0
Ein Frankfurt,Fortuna Dusseldorf,7,1
Augsburg,RB Leipzig,0,0
Leverkusen,Hannover,2,2
Nurnberg,Hoffenheim,1,3
Schalke 04,Werder Bremen,0,2
Stuttgart,Dortmund,0,4
Wolfsburg,Bayern Munich,1,3
Hertha,Freiburg,1,1
M'gladbach,Mainz,4,0
Freiburg,M'gladbach,3,1
Dortmund,Hertha,2,2
Fortuna Dusseldorf,Wolfsburg,0,3
Hannover,Augsburg,1,2
Hoffenheim,Stuttgart,4,0
Mainz,Bayern Munich,1,2
Nurnberg,Ein Frankfurt,1,1
RB Leipzig,Schalke 04,0,0
Werder Bremen,Leverkusen,2,6
Stuttgart,Ein Frankfurt,0,3
Augsburg,Nurnberg,2,2
Bayern Munich,Freiburg,1,1
Hertha,RB Leipzig,0,3
Leverkusen,Hoffenheim,1,4
Schalke 04,Hannover,3,1
Wolfsburg,Dortmund,0,1
Mainz,Werder Bremen,2,1
M'gladbach,Fortuna Dusseldorf,3,0
Hannover,Wolfsburg,2,1
Dortmund,Bayern Munich,3,2
Fortuna Dusseldorf,Hertha,4,1
Freiburg,Mainz,1,3
Hoffenheim,Augsburg,2,1
Nurnberg,Stuttgart,0,2
Werder Bremen,M'gladbach,1,3
Ein Frankfurt,Schalke 04,3,0
RB Leipzig,Leverkusen,3,0
Leverkusen,Stuttgart,2,0
Augsburg,Ein Frankfurt,1,3
Bayern Munich,Fortuna Dusseldorf,3,3
Hertha,Hoffenheim,3,3
Mainz,Dortmund,1,2
Schalke 04,Nurnberg,5,2
Wolfsburg,RB Leipzig,1,0
Freiburg,Werder Bremen,1,1
M'gladbach,Hannover,4,1
Fortuna Dusseldorf,Mainz,0,1
Dortmund,Freiburg,2,0
Hannover,Hertha,0,2
Hoffenheim,Schalke 04,1,1
Stuttgart,Augsburg,1,0
Werder Bremen,Bayern Munich,1,2
Ein Frankfurt,Wolfsburg,1,2
RB Leipzig,M'gladbach,2,0
Nurnberg,Leverkusen,1,1
Werder Bremen,Fortuna Dusseldorf,3,1
Bayern Munich,Nurnberg,3,0
Freiburg,RB Leipzig,3,0
Hertha,Ein Frankfurt,1,0
Leverkusen,Augsburg,1,0
Schalke 04,Dortmund,1,2
Wolfsburg,Hoffenheim,2,2
Mainz,Hannover,1,1
M'gladbach,Stuttgart,3,0
Zwolle,Heerenveen,2,3
Ajax,Heracles,1,1
Excelsior,For Sittard,1,1
PSV Eindhoven,Utrecht,4,0
Willem II,VVV Venlo,0,1
AZ Alkmaar,NAC Breda,5,0
Den Haag,FC Emmen,1,2
Graafschap,Feyenoord,2,0
Vitesse,Groningen,5,1
Groningen,Willem II,0,1
Heracles,Den Haag,4,2
NAC Breda,Graafschap,3,0
For Sittard,PSV Eindhoven,1,2
VVV Venlo,Ajax,0,1
FC Emmen,AZ Alkmaar,1,4
Feyenoord,Excelsior,3,0
Heerenveen,Vitesse,1,1
Utrecht,Zwolle,2,0
Den Haag,For Sittard,3,1
Ajax,FC Emmen,5,0
Graafschap,Groningen,0,1
NAC Breda,Excelsior,0,2
Zwolle,PSV Eindhoven,1,2
AZ Alkmaar,Vitesse,0,0
Heerenveen,Feyenoord,3,5
Utrecht,VVV Venlo,1,1
Willem II,Heracles,5,0
FC Emmen,Graafschap,1,1
Excelsior,Den Haag,2,4
For Sittard,Utrecht,1,1
PSV Eindhoven,Willem II,6,1
VVV Venlo,Heerenveen,1,1
Feyenoord,NAC Breda,4,2
Groningen,Zwolle,0,1
Heracles,AZ Alkmaar,3,2
Vitesse,Ajax,0,4
Ajax,Groningen,3,0
Den Haag,PSV Eindhoven,0,7
Graafschap,VVV Venlo,1,2
Willem II,Excelsior,2,2
AZ Alkmaar,Feyenoord,1,1
Heerenveen,Heracles,3,5
NAC Breda,For Sittard,2,3
Utrecht,FC Emmen,1,2
Zwolle,Vitesse,0,2
Heracles,Graafschap,4,0
Excelsior,Heerenveen,3,3
For Sittard,Willem II,4,4
Vitesse,Den Haag,1,1
VVV Venlo,NAC Breda,3,0
FC Emmen,Zwolle,0,1
Feyenoord,Utrecht,1,0
Groningen,AZ Alkmaar,1,3
PSV Eindhoven,Ajax,3,0
Excelsior,VVV Venlo,1,0
For Sittard,Ajax,0,2
Heerenveen,Den Haag,1,1
NAC Breda,PSV Eindhoven,0,2
AZ Alkmaar,Zwolle,2,2
Feyenoord,Vitesse,2,1
Graafschap,Willem II,2,1
Groningen,Utrecht,1,1
Heracles,FC Emmen,2,1
Utrecht,NAC Breda,2,1
Den Haag,Groningen,1,0
Graafschap,Heerenveen,0,5
PSV Eindhoven,VVV Venlo,4,0
Zwolle,Excelsior,2,0
Ajax,AZ Alkmaar,5,0
FC Emmen,For Sittard,3,3
Vitesse,Heracles,4,0
Willem II,Feyenoord,1,1
Excelsior,Vitesse,2,0
Heerenveen,Ajax,0,4
PSV Eindhoven,FC Emmen,6,0
Utrecht,AZ Alkmaar,2,1
Feyenoord,Zwolle,3,0
For Sittard,Graafschap,3,1
Heracles,Groningen,4,1
NAC Breda,Willem II,2,2
VVV Venlo,Den Haag,2,0
FC Emmen,VVV Venlo,1,1
Den Haag,NAC Breda,1,1
Graafschap,Excelsior,4,1
Groningen,PSV Eindhoven,1,2
Zwolle,Heracles,1,1
Ajax,Feyenoord,3,0
AZ Alkmaar,Heerenveen,2,3
Vitesse,For Sittard,2,1
Willem II,Utrecht,0,1
Excelsior,Groningen,2,4
Ajax,Willem II,2,0
AZ Alkmaar,Graafschap,1,0
NAC Breda,Heracles,2,1
PSV Eindhoven,Vitesse,1,0
For Sittard,Zwolle,3,0
Heerenveen,FC Emmen,1,1
Utrecht,Den Haag,3,0
Zwolle,Willem II,2,3
FC Emmen,NAC Breda,2,0
Graafschap,PSV Eindhoven,1,4
Vitesse,Utrecht,2,1
VVV Venlo,For Sittard,3,2
Den Haag,AZ Alkmaar,0,1
Excelsior,Ajax,1,7
Groningen,Heerenveen,2,0
Heracles,Feyenoord,0,2
For Sittard,Heracles,3,0
NAC Breda,Ajax,0,3
PSV Eindhoven,Heerenveen,3,0
Zwolle,Den Haag,2,3
FC Emmen,Excelsior,1,2
Feyenoord,Groningen,1,0
Utrecht,Graafschap,5,0
VVV Venlo,AZ Alkmaar,2,2
Willem II,Vitesse,1,3
Excelsior,Utrecht,3,3
AZ Alkmaar,Willem II,0,2
Graafschap,Zwolle,0,2
Heerenveen,For Sittard,3,1
Vitesse,FC Emmen,1,1
Ajax,Den Haag,5,1
Feyenoord,PSV Eindhoven,2,1
Groningen,NAC Breda,5,2
Heracles,VVV Venlo,4,1
Feyenoord,VVV Venlo,4,1
For Sittard,AZ Alkmaar,0,3
PSV Eindhoven,Excelsior,6,0
Den Haag,Graafschap,0,0
Willem II,Heerenveen,1,5
Zwolle,Ajax,1,4
FC Emmen,Feyenoord,1,4
NAC Breda,Vitesse,2,1
Utrecht,Heracles,3,1
VVV Venlo,Groningen,0,0
AEK,Giannina,2,0
Apollon,Larisa,0,1
Panetolikos,Atromitos,1,2
PAOK,Asteras Tripolis,1,0
Olympiakos,Levadeiakos,1,0
Panionios,OFI Crete,2,2
Xanthi,Panathinaikos,0,1
Lamia,Aris,0,3
Asteras Tripolis,AEK,0,1
Atromitos,Xanthi,0,0
Panathinaikos,Lamia,3,1
Aris,Larisa,2,0
Olympiakos,Giannina,5,0
Panionios,PAOK,0,1
Levadeiakos,Apollon,1,0
Panetolikos,OFI Crete,2,1
AEK,Panionios,4,0
Apollon,Giannina,1,2
OFI Crete,PAOK,1,3
Atromitos,Lamia,1,0
Larisa,Panathinaikos,1,3
Olympiakos,Asteras Tripolis,2,1
Xanthi,Panetolikos,1,1
Aris,Levadeiakos,2,0
Asteras Tripolis,Apollon,2,0
Atromitos,Larisa,2,0
Giannina,Aris,1,0
Panathinaikos,Levadeiakos,3,0
PAOK,AEK,2,0
Xanthi,OFI Crete,3,0
Panetolikos,Lamia,2,2
Panionios,Olympiakos,0,1
Larisa,Panetolikos,1,0
OFI Crete,AEK,0,3
Panathinaikos,Giannina,2,1
Apollon,Panionios,0,2
Aris,Asteras Tripolis,2,0
Levadeiakos,Atromitos,0,2
Olympiakos,PAOK,0,1
Lamia,Xanthi,0,0
Asteras Tripolis,Panathinaikos,1,1
Panetolikos,Levadeiakos,2,1
Panionios,Aris,1,0
AEK,Olympiakos,1,1
Atromitos,Giannina,1,0
Lamia,OFI Crete,1,1
PAOK,Apollon,2,0
Xanthi,Larisa,1,0
Apollon,AEK,0,2
Giannina,Panetolikos,0,2
Larisa,Lamia,1,2
Panathinaikos,Panionios,1,0
Aris,PAOK,1,2
Levadeiakos,Xanthi,1,2
OFI Crete,Olympiakos,1,0
Atromitos,Asteras Tripolis,3,2
Lamia,Levadeiakos,3,2
Larisa,OFI Crete,0,0
AEK,Aris,4,0
Panetolikos,Asteras Tripolis,1,1
Panionios,Atromitos,2,2
Olympiakos,Apollon,1,0
PAOK,Panathinaikos,2,0
Xanthi,Giannina,2,1
Atromitos,PAOK,1,1
Levadeiakos,Larisa,1,1
Panathinaikos,AEK,0,0
Panionios,Panetolikos,3,0
Aris,Olympiakos,0,1
Giannina,Lamia,0,0
OFI Crete,Apollon,0,0
Asteras Tripolis,Xanthi,0,1
Larisa,Giannina,2,0
Levadeiakos,OFI Crete,2,1
Xanthi,Panionios,0,1
AEK,Atromitos,0,2
Lamia,Asteras Tripolis,0,0
Olympiakos,Panathinaikos,1,1
PAOK,Panetolikos,2,1
Apollon,Aris,1,2
Asteras Tripolis,Larisa,2,0
Panathinaikos,Apollon,5,1
Panetolikos,AEK,2,1
PAOK,Xanthi,2,0
Atromitos,Olympiakos,1,2
Giannina,Levadeiakos,2,0
OFI Crete,Aris,1,2
Panionios,Lamia,1,0
Apollon,Atromitos,1,1
Giannina,OFI Crete,1,1
Larisa,Panionios,4,2
AEK,Xanthi,2,0
Aris,Panathinaikos,1,1
Levadeiakos,Asteras Tripolis,0,2
Lamia,PAOK,0,1
Olympiakos,Panetolikos,2,1
AEK,Lamia,2,0
Asteras Tripolis,Giannina,1,0
Atromitos,Aris,4,2
OFI Crete,Panathinaikos,3,1
PAOK,Larisa,2,1
Xanthi,Olympiakos,1,1
Benfica,Guimaraes,3,2
Porto,Chaves,5,0
Setubal,Aves,2,0
Tondela,Belenenses,0,1
Feirense,Rio Ave,2,0
Maritimo,Santa Clara,1,0
Moreirense,Sp Lisbon,1,3
Sp Braga,Nacional,4,2
Portimonense,Boavista,0,2
Aves,Tondela,2,2
Boavista,Benfica,0,2
Chaves,Portimonense,2,0
Sp Lisbon,Setubal,2,1
Belenenses,Porto,2,3
Nacional,Moreirense,1,2
Rio Ave,Maritimo,3,1
Santa Clara,Sp Braga,3,3
Guimaraes,Feirense,0,1
Maritimo,Chaves,2,1
Benfica,Sp Lisbon,1,1
Portimonense,Santa Clara,2,2
Porto,Guimaraes,2,3
Feirense,Boavista,1,1
Setubal,Nacional,1,2
Sp Braga,Aves,3,1
Tondela,Rio Ave,1,1
Moreirense,Belenenses,1,1
Chaves,Sp Braga,0,1
Guimaraes,Tondela,1,0
Belenenses,Setubal,0,0
Santa Clara,Boavista,4,2
Sp Lisbon,Feirense,1,0
Aves,Maritimo,0,1
Nacional,Benfica,0,4
Porto,Moreirense,3,0
Rio Ave,Portimonense,2,1
Boavista,Chaves,1,2
Maritimo,Belenenses,0,0
Santa Clara,Rio Ave,1,3
Setubal,Porto,0,2
Benfica,Aves,2,0
Feirense,Nacional,0,0
Portimonense,Guimaraes,3,2
Tondela,Moreirense,2,0
Sp Braga,Sp Lisbon,1,0
Chaves,Benfica,2,2
Porto,Tondela,1,0
Moreirense,Feirense,1,0
Rio Ave,Boavista,2,1
Sp Lisbon,Maritimo,2,0
Belenenses,Sp Braga,0,3
Guimaraes,Setubal,1,1
Nacional,Santa Clara,0,3
Aves,Portimonense,3,0
Feirense,Belenenses,0,0
Santa Clara,Chaves,1,0
Tondela,Nacional,1,1
Maritimo,Guimaraes,1,3
Setubal,Moreirense,3,0
Sp Braga,Rio Ave,1,1
Benfica,Porto,1,0
Boavista,Aves,1,0
Portimonense,Sp Lisbon,4,2
Guimaraes,Sp Braga,1,1
Nacional,Portimonense,0,1
Aves,Santa Clara,1,2
Belenenses,Benfica,2,0
Rio Ave,Chaves,1,0
Moreirense,Maritimo,1,0
Porto,Feirense,2,0
Sp Lisbon,Boavista,3,0
Tondela,Setubal,1,2
Benfica,Moreirense,1,3
Boavista,Guimaraes,0,0
Maritimo,Porto,0,2
Portimonense,Belenenses,1,1
Feirense,Tondela,2,4
Santa Clara,Sp Lisbon,1,2
Sp Braga,Setubal,2,1
Chaves,Aves,1,2
Rio Ave,Nacional,3,3
Moreirense,Portimonense,2,0
Setubal,Feirense,2,1
Aves,Rio Ave,2,1
Belenenses,Boavista,0,0
Nacional,Maritimo,1,0
Porto,Sp Braga,1,0
Guimaraes,Santa Clara,2,0
Sp Lisbon,Chaves,2,1
Tondela,Benfica,1,3
Santa Clara,Belenenses,2,3
Benfica,Feirense,4,0
Maritimo,Setubal,0,1
Sp Braga,Moreirense,2,0
Aves,Nacional,2,3
Boavista,Porto,0,1
Chaves,Guimaraes,0,1
Portimonense,Tondela,3,2
Rio Ave,Sp Lisbon,1,3
Porto,Portimonense,4,1
Belenenses,Chaves,1,0
Setubal,Benfica,0,1
Tondela,Sp Braga,0,1
Guimaraes,Rio Ave,3,2
Moreirense,Santa Clara,0,1
Nacional,Boavista,0,0
Sp Lisbon,Aves,4,1
Chievo,Juventus,2,3
Lazio,Napoli,1,2
Bologna,Spal,0,1
Empoli,Cagliari,2,0
Parma,Udinese,2,2
Sassuolo,Inter,1,0
Torino,Roma,0,1
Atalanta,Frosinone,4,0
Juventus,Lazio,2,0
Napoli,Milan,3,2
Cagliari,Sassuolo,2,2
Fiorentina,Chievo,6,1
Frosinone,Bologna,0,0
Genoa,Empoli,2,1
Inter,Torino,2,2
Spal,Parma,1,0
Udinese,Sampdoria,1,0
Roma,Atalanta,3,3
Milan,Roma,2,1
Bologna,Inter,0,3
Parma,Juventus,1,2
Atalanta,Cagliari,0,1
Chievo,Empoli,0,0
Fiorentina,Udinese,1,0
Lazio,Frosinone,1,0
Sampdoria,Napoli,3,0
Sassuolo,Genoa,5,3
Torino,Spal,1,0
Frosinone,Sampdoria,0,5
Inter,Parma,0,1
Napoli,Fiorentina,1,0
Cagliari,Milan,1,1
Empoli,Lazio,0,1
Genoa,Bologna,1,0
Juventus,Sassuolo,2,1
Roma,Chievo,2,2
Udinese,Torino,1,1
Spal,Atalanta,2,0
Sampdoria,Fiorentina,1,1
Sassuolo,Empoli,3,1
Fiorentina,Spal,3,0
Parma,Cagliari,2,0
Sampdoria,Inter,0,1
Bologna,Roma,2,0
Chievo,Udinese,0,2
Frosinone,Juventus,0,2
Lazio,Genoa,4,1
Milan,Atalanta,2,2
Torino,Napoli,1,3
Inter,Fiorentina,2,1
Atalanta,Torino,0,0
Cagliari,Sampdoria,0,0
Genoa,Chievo,2,0
Juventus,Bologna,2,0
Napoli,Parma,3,0
Roma,Frosinone,4,0
Udinese,Lazio,1,2
Empoli,Milan,1,1
Spal,Sassuolo,0,2
Inter,Cagliari,2,0
Juventus,Napoli,3,1
Roma,Lazio,3,1
Bologna,Udinese,2,1
Chievo,Torino,0,1
Fiorentina,Atalanta,2,0
Frosinone,Genoa,1,2
Parma,Empoli,1,0
Sassuolo,Milan,1,4
Sampdoria,Spal,2,1
Torino,Frosinone,3,2
Cagliari,Bologna,2,0
Empoli,Roma,0,2
Udinese,Juventus,0,2
Atalanta,Sampdoria,0,1
Genoa,Parma,1,3
Lazio,Fiorentina,1,0
Milan,Chievo,3,1
Napoli,Sassuolo,2,0
Spal,Inter,1,2
Juventus,Genoa,1,1
Roma,Spal,0,2
Udinese,Napoli,0,3
Bologna,Torino,2,2
Chievo,Atalanta,1,5
Fiorentina,Cagliari,1,1
Frosinone,Empoli,3,3
Inter,Milan,1,0
Parma,Lazio,0,2
Sampdoria,Sassuolo,0,0
Atalanta,Parma,3,0
Empoli,Juventus,1,2
Torino,Fiorentina,1,1
Cagliari,Chievo,2,1
Genoa,Udinese,2,2
Milan,Sampdoria,3,2
Napoli,Roma,1,1
Sassuolo,Bologna,2,2
Spal,Frosinone,0,3
Lazio,Inter,0,3
Milan,Genoa,2,1
Napoli,Empoli,5,1
Fiorentina,Roma,1,1
Inter,Genoa,5,0
Juventus,Cagliari,3,1
Bologna,Atalanta,1,2
Chievo,Sassuolo,0,2
Lazio,Spal,4,1
Parma,Frosinone,0,0
Sampdoria,Torino,1,4
Udinese,Milan,0,1
Frosinone,Fiorentina,1,1
Genoa,Napoli,1,2
Spal,Cagliari,2,2
Torino,Parma,1,2
Atalanta,Inter,4,1
Chievo,Bologna,2,2
Empoli,Udinese,2,1
Milan,Juventus,0,2
Roma,Sampdoria,4,1
Sassuolo,Lazio,1,1
Inter,Frosinone,3,0
Juventus,Spal,2,0
Udinese,Roma,1,0
Bologna,Fiorentina,0,0
Empoli,Atalanta,3,2
Genoa,Sampdoria,1,1
Lazio,Milan,1,1
Napoli,Chievo,0,0
Parma,Sassuolo,2,1
Cagliari,Torino,0,0
Fiorentina,Juventus,0,3
Sampdoria,Bologna,4,1
Spal,Empoli,2,2
Chievo,Lazio,1,1
Frosinone,Cagliari,1,1
Milan,Parma,2,1
Roma,Inter,2,2
Sassuolo,Udinese,0,0
Torino,Genoa,2,1
Atalanta,Napoli,1,2
Juventus,Inter,1,0
Cagliari,Roma,2,2
Lazio,Sampdoria,2,2
Napoli,Frosinone,4,0
Empoli,Bologna,2,1
Genoa,Spal,1,1
Milan,Torino,0,0
Parma,Chievo,1,1
Sassuolo,Fiorentina,3,3
Udinese,Atalanta,1,3
Ankaragucu,Galatasaray,1,3
Fenerbahce,Bursaspor,2,1
Rizespor,Kasimpasa,2,3
Sivasspor,Alanyaspor,1,0
Besiktas,Akhisar Belediyespor,2,1
Buyuksehyr,Trabzonspor,2,0
Goztep,Yeni Malatyaspor,1,3
Konyaspor,Erzurum BB,3,2
Kayserispor,Antalyaspor,2,0
Trabzonspor,Sivasspor,3,1
Antalyaspor,Konyaspor,3,3
Bursaspor,Kayserispor,0,0
Yeni Malatyaspor,Fenerbahce,1,0
Akhisar Belediyespor,Rizespor,1,1
Alanyaspor,Ankaragucu,0,2
Erzurum BB,Besiktas,1,3
Galatasaray,Goztep,1,0
Kasimpasa,Buyuksehyr,2,1
Rizespor,Erzurum BB,0,0
Ankaragucu,Trabzonspor,2,2
Goztep,Fenerbahce,1,0
Kayserispor,Yeni Malatyaspor,0,0
Besiktas,Antalyaspor,2,3
Konyaspor,Bursaspor,1,1
Sivasspor,Kasimpasa,0,3
Buyuksehyr,Akhisar Belediyespor,3,1
Galatasaray,Alanyaspor,6,0
Yeni Malatyaspor,Konyaspor,0,1
Akhisar Belediyespor,Sivasspor,1,1
Alanyaspor,Goztep,1,0
Fenerbahce,Kayserispor,2,3
Trabzonspor,Galatasaray,4,0
Antalyaspor,Rizespor,2,1
Bursaspor,Besiktas,1,1
Erzurum BB,Buyuksehyr,0,1
Kasimpasa,Ankaragucu,2,1
Galatasaray,Kasimpasa,4,1
Ankaragucu,Akhisar Belediyespor,1,0
Besiktas,Yeni Malatyaspor,2,1
Goztep,Kayserispor,2,0
Buyuksehyr,Antalyaspor,4,0
Konyaspor,Fenerbahce,0,1
Rizespor,Bursaspor,1,1
Sivasspor,Erzurum BB,2,2
Alanyaspor,Trabzonspor,1,0
Bursaspor,Buyuksehyr,0,0
Erzurum BB,Ankaragucu,0,1
Kayserispor,Konyaspor,0,2
Trabzonspor,Goztep,1,2
Yeni Malatyaspor,Rizespor,1,0
Akhisar Belediyespor,Galatasaray,3,0
Antalyaspor,Sivasspor,2,1
Kasimpasa,Alanyaspor,1,2
Fenerbahce,Besiktas,1,1
Galatasaray,Erzurum BB,1,0
Alanyaspor,Akhisar Belediyespor,2,1
Besiktas,Kayserispor,2,0
Trabzonspor,Kasimpasa,4,2
Goztep,Konyaspor,3,2
Rizespor,Fenerbahce,3,0
Sivasspor,Bursaspor,2,0
Ankaragucu,Antalyaspor,0,1
Buyuksehyr,Yeni Malatyaspor,1,1
Kasimpasa,Goztep,3,1
Antalyaspor,Galatasaray,0,1
Bursaspor,Ankaragucu,1,0
Erzurum BB,Alanyaspor,1,0
Kayserispor,Rizespor,2,2
Akhisar Belediyespor,Trabzonspor,1,3
Fenerbahce,Buyuksehyr,0,0
Konyaspor,Besiktas,2,2
Yeni Malatyaspor,Sivasspor,4,4
Galatasaray,Bursaspor,1,1
Buyuksehyr,Kayserispor,1,0
Kasimpasa,Akhisar Belediyespor,5,0
Sivasspor,Fenerbahce,0,0
Alanyaspor,Antalyaspor,0,1
Ankaragucu,Yeni Malatyaspor,1,0
Goztep,Besiktas,2,0
Rizespor,Konyaspor,1,1
Trabzonspor,Erzurum BB,0,0
Bursaspor,Alanyaspor,2,0
Antalyaspor,Trabzonspor,1,1
Erzurum BB,Kasimpasa,1,1
Konyaspor,Buyuksehyr,0,1
Fenerbahce,Ankaragucu,1,3
Kayserispor,Sivasspor,2,0
Yeni Malatyaspor,Galatasaray,2,0
Akhisar Belediyespor,Goztep,1,0
Besiktas,Rizespor,4,1
Galatasaray,Fenerbahce,2,2
Akhisar Belediyespor,Erzurum BB,1,1
Buyuksehyr,Besiktas,1,0
Kasimpasa,Antalyaspor,1,2
Alanyaspor,Yeni Malatyaspor,0,1
Ankaragucu,Kayserispor,3,1
Trabzonspor,Bursaspor,1,1
Goztep,Rizespor,2,0
Sivasspor,Konyaspor,0,0
Yeni Malatyaspor,Trabzonspor,5,0
Erzurum BB,Goztep,2,1
Kayserispor,Galatasaray,0,3
Konyaspor,Ankaragucu,2,0
Rizespor,Buyuksehyr,1,2
Antalyaspor,Akhisar Belediyespor,1,2
Besiktas,Sivasspor,1,2
Bursaspor,Kasimpasa,1,2
Fenerbahce,Alanyaspor,2,0
Galatasaray,Konyaspor,1,1
Alanyaspor,Kayserispor,5,0
Ankaragucu,Besiktas,1,4
Erzurum BB,Antalyaspor,1,0
Akhisar Belediyespor,Bursaspor,2,4
Kasimpasa,Yeni Malatyaspor,3,0
Sivasspor,Rizespor,1,1
Trabzonspor,Fenerbahce,2,1
Goztep,Buyuksehyr,0,2
Konyaspor,Alanyaspor,2,0
Rizespor,Ankaragucu,1,1
Antalyaspor,Goztep,1,0
Buyuksehyr,Sivasspor,0,1
Kayserispor,Trabzonspor,0,2
Besiktas,Galatasaray,1,0
Bursaspor,Erzurum BB,2,1
Fenerbahce,Kasimpasa,2,2
Yeni Malatyaspor,Akhisar Belediyespor,1,1
Alanyaspor,Besiktas,0,0
Galatasaray,Rizespor,2,2
Sivasspor,Goztep,2,0
Trabzonspor,Konyaspor,3,0
Akhisarspor,Fenerbahce,3,0
Bursaspor,Antalyaspor,0,2
Erzurum BB,Yeni Malatyaspor,1,3
Barcelona,Tottenham,1,1
Club Brugge,Ath Madrid,0,0
FK Crvena zvezda,Paris SG,1,4
Inter,PSV Eindhoven,1,1
Liverpool,Napoli,1,0
Monaco,Dortmund,0,2
Galatasaray,Porto,2,3
Schalke 04,Lokomotiv Moscow,1,0
Dortmund,Club Brugge,0,0
Porto,Schalke 04,3,1
Napoli,FK Crvena zvezda,3,1
Paris SG,Liverpool,2,1
PSV Eindhoven,Barcelona,1,2
Tottenham,Inter,1,0
Ath Madrid,Monaco,2,0
Lokomotiv Moscow,Galatasaray,2,0
Roma,Real Madrid,0,2
Bayern Munich,Benfica,5,1
Hoffenheim,Shakhtar Donetsk,2,3
Juventus,Valencia,1,0
Lyon,Man City,2,2
Man United,Young Boys,1,0
AEK,Ajax,0,2
CSKA Moscow,Plzen,1,2
Bayern Munich,AEK,2,0
Benfica,Ajax,1,1
Juventus,Man United,1,2
Lyon,Hoffenheim,2,2
Man City,Shakhtar Donetsk,6,0
Plzen,Real Madrid,0,5
CSKA Moscow,Roma,1,2
Valencia,Young Boys,3,1
Ath Madrid,Dortmund,2,0
Porto,Lokomotiv Moscow,4,1
Inter,Barcelona,1,1
Napoli,Paris SG,1,1
Schalke 04,Galatasaray,2,0
Tottenham,PSV Eindhoven,2,1
FK Crvena zvezda,Liverpool,2,0
Monaco,Club Brugge,0,4
Barcelona,Inter,2,0
Dortmund,Ath Madrid,4,0
Galatasaray,Schalke 04,0,0
Liverpool,FK Crvena zvezda,4,0
Lokomotiv Moscow,Porto,1,3
Paris SG,Napoli,2,2
Club Brugge,Monaco,1,1
PSV Eindhoven,Tottenham,2,2
Ajax,Benfica,1,0
Roma,CSKA Moscow,3,0
Hoffenheim,Lyon,3,3
Man United,Juventus,0,1
Real Madrid,Plzen,2,1
Shakhtar Donetsk,Man City,0,3
AEK,Bayern Munich,0,2
Young Boys,Valencia,1,1
Ath Madrid,Club Brugge,3,1
Dortmund,Monaco,3,0
Porto,Galatasaray,1,0
Napoli,Liverpool,1,0
PSV Eindhoven,Inter,1,2
Tottenham,Barcelona,2,4
Lokomotiv Moscow,Schalke 04,0,1
Paris SG,FK Crvena zvezda,6,1
AEK,Benfica,2,3
Roma,Plzen,5,0
Bayern Munich,Ajax,1,1
CSKA Moscow,Real Madrid,1,0
Lyon,Shakhtar Donetsk,2,2
Man United,Valencia,0,0
Hoffenheim,Man City,1,2
Juventus,Young Boys,3,0
Benfica,Bayern Munich,0,2
Man City,Lyon,1,2
Plzen,CSKA Moscow,2,2
Real Madrid,Roma,3,0
Valencia,Juventus,0,2
Young Boys,Man United,0,3
Ajax,AEK,3,0
Shakhtar Donetsk,Hoffenheim,2,2
Club Brugge,Dortmund,0,1
FK Crvena zvezda,Napoli,0,0
Galatasaray,Lokomotiv Moscow,3,0
Liverpool,Paris SG,3,2
Monaco,Ath Madrid,1,2
Schalke 04,Porto,1,1
Barcelona,PSV Eindhoven,4,0
Inter,Tottenham,2,1
PAOK,Benfica,1,4
PSV Eindhoven,BATE,3,0
Salzburg,FK Crvena zvezda,2,2
AEK,MOL Vidi,1,1
D. Zagreb,Young Boys,1,2
Dyn. Kyiv,Ajax,0,0
Ajax,Dyn. Kyiv,3,1
MOL Vidi,AEK,1,2
Young Boys,D. Zagreb,1,1
BATE,PSV Eindhoven,2,3
Benfica,PAOK,1,1
FK Crvena zvezda,Salzburg,0,0
Ajax,St. Liege,3,0
Trnava,FK Crvena zvezda,1,2
Shkendija,Salzburg,0,1
AEK,Celtic,2,1
D. Zagreb,FC Astana,1,0
Fenerbahce,Benfica,1,1
MOL Vidi,Malmo FF,0,0
Spartak Moscow,PAOK,0,0
BATE,Qarabag,1,1
Dyn. Kyiv,Slavia Prague,2,0
Celtic,AEK,1,1
PAOK,Spartak Moscow,3,2
Salzburg,Shkendija,3,0
Benfica,Fenerbahce,1,0
FK Crvena zvezda,Trnava,1,1
St. Liege,Ajax,2,2
Slavia Prague,Dyn. Kyiv,1,1
Malmo FF,MOL Vidi,1,1
Qarabag,BATE,0,1
FC Astana,D. Zagreb,0,2
Rosenborg,Celtic,0,0
Sturm Graz,Ajax,1,3
Basel,PAOK,0,3
MOL Vidi,Ludogorets,1,0
Suduva,FK Crvena zvezda,0,2
Malmo FF,CFR Cluj,1,1
Midtjylland,FC Astana,0,0
Qarabag,Kukesi,3,0
HJK,BATE,1,2
Trnava,Legia,0,1
H. Beer Sheva,D. Zagreb,2,2
Sheriff Tiraspol,Shkendija,0,0
Celtic,Rosenborg,3,1
Ajax,Sturm Graz,2,0
BATE,HJK,0,0
Kukesi,Qarabag,0,0
Ludogorets,MOL Vidi,0,0
Legia,Trnava,0,2
FK Crvena zvezda,Suduva,3,0
Shkendija,Sheriff Tiraspol,1,0
D. Zagreb,H. Beer Sheva,5,0
PAOK,Basel,2,1
CFR Cluj,Malmo FF,0,1
FC Astana,Midtjylland,2,1
Celtic,Alashkert,3,0
Sutjeska,FC Astana,0,2
Rosenborg,Valur,3,1
Qarabag,NK Olimpija Ljubljana,0,0
Sheriff Tiraspol,Torpedo Kutaisi,3,0
Zrinjski,Trnava,1,1
Crusaders,Ludogorets,0,2
Legia,Cork City,3,0
FK Crvena zvezda,Spartaks,2,0
MOL Vidi,Dudelange,2,1
TNS,Shkendija,4,0
APOEL,Suduva,1,0
H. Beer Sheva,Flora,3,1
Malmo FF,Drita,2,0
HJK,Vikingur,3,1
Valletta,Kukesi,1,1
Valur,Rosenborg,1,0
NK Olimpija Ljubljana,Qarabag,0,1
Kukesi,Valletta,0,0
Ludogorets,Crusaders,7,0
Spartaks,FK Crvena zvezda,0,0
Suduva,APOEL,3,1
Trnava,Zrinjski,1,0
FC Astana,Sutjeska,1,0
Cork City,Legia,0,1
Drita,Malmo FF,0,3
Shkendija,TNS,5,0
Vikingur,HJK,1,2
Alashkert,Celtic,0,3
Dudelange,MOL Vidi,1,1
Flora,H. Beer Sheva,1,4
Torpedo Kutaisi,Sheriff Tiraspol,2,1
Lincoln Red Imps,Drita,1,4
La Fiorita,Lincoln Red Imps,0,2
FC Santa Coloma,Drita,0,2
AEK Larnaca,Bayer Leverkusen,1,5
Arsenal,Qarabag,1,0
Celtic,Salzburg,1,2
D. Zagreb,Anderlecht,0,0
Dudelange,Betis,0,0
FC Copenhagen,Bordeaux,0,1
Ludogorets,Zurich,1,1
Olympiakos Piraeus,Milan,3,1
RB Leipzig,Rosenborg,1,1
Slavia Prague,Zenit Petersburg,2,0
Sporting,Vorskla Poltava,3,0
Trnava,Fenerbahce,1,0
Akhisarspor,St. Liege,0,0
Besiktas,Malmo FF,0,1
Dyn. Kyiv,Jablonec,0,1
Genk,Sarpsborg 08,4,0
Lazio,Eintracht Frankfurt,1,2
Marseille,Apollon,1,3
MOL Vidi,Chelsea,2,2
PAOK,BATE,1,3
Rapid Vienna,Rangers,1,0
Rennes,FC Astana,2,0
Sevilla,Krasnodar,3,0
Villarreal,Spartak Moscow,2,0
Apollon,Lazio,2,0
Chelsea,PAOK,4,0
Eintracht Frankfurt,Marseille,4,0
Jablonec,Rennes,0,1
Malmo FF,Genk,2,2
Rangers,Villarreal,0,0
Sarpsborg 08,Besiktas,2,3
St. Liege,Sevilla,1,0
Milan,Dudelange,5,2
Anderlecht,Trnava,0,0
BATE,MOL Vidi,2,0
Bayer Leverkusen,Ludogorets,1,1
Betis,Olympiakos Piraeus,1,0
Bordeaux,Slavia Prague,2,0
Fenerbahce,D. Zagreb,0,0
Krasnodar,Akhisarspor,2,1
Qarabag,Sporting,1,6
Rosenborg,Celtic,0,1
Salzburg,RB Leipzig,1,0
Vorskla Poltava,Arsenal,0,3
Zenit Petersburg,FC Copenhagen,1,0
Zurich,AEK Larnaca,1,2
FC Astana,Dyn. Kyiv,0,1
Spartak Moscow,Rapid Vienna,1,2
Arsenal,Sporting,0,0
Bayer Leverkusen,Zurich,1,0
Betis,Milan,1,1
Bordeaux,Zenit Petersburg,1,1
Celtic,RB Leipzig,2,1
D. Zagreb,Trnava,3,1
Ludogorets,AEK Larnaca,0,0
Olympiakos Piraeus,Dudelange,5,1
Rosenborg,Salzburg,2,5
Slavia Prague,FC Copenhagen,0,0
Vorskla Poltava,Qarabag,0,1
Akhisarspor,Sevilla,2,3
Apollon,Eintracht Frankfurt,2,3
BATE,Chelsea,0,1
Dyn. Kyiv,Rennes,3,1
Genk,Besiktas,1,1
Krasnodar,St. Liege,2,1
Lazio,Marseille,2,1
Malmo FF,Sarpsborg 08,1,1
MOL Vidi,PAOK,1,0
Rapid Vienna,Villarreal,0,0
Spartak Moscow,Rangers,4,3
FC Astana,Jablonec,2,1
Fenerbahce,Anderlecht,2,0
Besiktas,Genk,2,4
Chelsea,BATE,3,1
Eintracht Frankfurt,Apollon,2,0
Jablonec,FC Astana,1,1
Marseille,Lazio,1,3
PAOK,MOL Vidi,0,2
Rangers,Spartak Moscow,0,0
Rennes,Dyn. Kyiv,1,2
Sarpsborg 08,Malmo FF,1,1
Sevilla,Akhisarspor,6,0
St. Liege,Krasnodar,2,1
Villarreal,Rapid Vienna,5,0
Milan,Betis,1,2
AEK Larnaca,Ludogorets,1,1
Anderlecht,Fenerbahce,2,2
Dudelange,Olympiakos Piraeus,0,2
FC Copenhagen,Slavia Prague,0,1
Qarabag,Vorskla Poltava,0,1
RB Leipzig,Celtic,2,0
Salzburg,Rosenborg,3,0
Sporting,Arsenal,0,1
Trnava,D. Zagreb,1,2
Zenit Petersburg,Bordeaux,2,1
Zurich,Bayer Leverkusen,3,2
Apollon,Marseille,2,2
BATE,PAOK,1,4
Chelsea,MOL Vidi,1,0
Eintracht Frankfurt,Lazio,4,1
Jablonec,Dyn. Kyiv,2,2
Krasnodar,Sevilla,2,1
Malmo FF,Besiktas,2,0
Rangers,Rapid Vienna,3,1
Sarpsborg 08,Genk,3,1
Spartak Moscow,Villarreal,3,3
St. Liege,Akhisarspor,2,1
Milan,Olympiakos Piraeus,3,1
Anderlecht,D. Zagreb,0,2
Bayer Leverkusen,AEK Larnaca,4,2
Betis,Dudelange,3,0
Bordeaux,FC Copenhagen,1,2
Fenerbahce,Trnava,2,0
Qarabag,Arsenal,0,3
Rosenborg,RB Leipzig,1,3
Salzburg,Celtic,3,1
Vorskla Poltava,Sporting,1,2
Zenit Petersburg,Slavia Prague,1,0
Zurich,Ludogorets,1,0
FC Astana,Rennes,2,0
AEK Larnaca,Zurich,0,1
Arsenal,Vorskla Poltava,4,2
Celtic,Rosenborg,1,0
D. Zagreb,Fenerbahce,4,1
Dudelange,Milan,0,1
FC Copenhagen,Zenit Petersburg,1,1
Ludogorets,Bayer Leverkusen,2,3
Olympiakos Piraeus,Betis,0,0
RB Leipzig,Salzburg,2,3
Slavia Prague,Bordeaux,1,0
Sporting,Qarabag,2,0
Trnava,Anderlecht,1,0
Akhisarspor,Krasnodar,0,1
Besiktas,Sarpsborg 08,3,1
Dyn. Kyiv,FC Astana,2,2
Genk,Malmo FF,2,0
Lazio,Apollon,2,1
Marseille,Eintracht Frankfurt,1,2
MOL Vidi,BATE,0,2
PAOK,Chelsea,0,1
Rapid Vienna,Spartak Moscow,2,0
Rennes,Jablonec,2,1
Sevilla,St. Liege,5,1
Villarreal,Rangers,2,2
Sevilla,Sigma Olomouc,3,0
Celtic,Suduva,3,0
Bordeaux,Gent,2,0
Burnley,Olympiakos Piraeus,1,1
Brondby,Genk,2,4
FCSB,Rapid Vienna,2,1
Trnava,NK Olimpija Ljubljana,1,1
Shkendija,Rosenborg,0,2
Besiktas,Partizan,3,0
Midtjylland,Malmo FF,0,2
Apollon,Basel,1,0
CFR Cluj,Dudelange,2,3
Ludogorets,Torpedo Kutaisi,4,0
Maccabi Tel Aviv,Sarpsborg 08,2,1
Molde,Zenit Petersburg,2,1
Qarabag,Sheriff Tiraspol,3,0
FC Copenhagen,Atalanta,1,0
RB Leipzig,FK Zorya Luhansk,3,2
AEK Larnaca,Trencin,3,0
FC Astana,APOEL,2,0
Ufa,Rangers,1,1
Gent,Bordeaux,0,0
Rangers,Ufa,1,0
Rosenborg,Shkendija,3,1
FK Zorya Luhansk,RB Leipzig,0,0
Genk,Brondby,5,2
NK Olimpija Ljubljana,Trnava,0,2
Partizan,Besiktas,1,1
Rapid Vienna,FCSB,3,1
Atalanta,FC Copenhagen,0,0
Basel,Apollon,3,2
Dudelange,CFR Cluj,2,0
Olympiakos Piraeus,Burnley,3,1
Malmo FF,Midtjylland,2,2
Sarpsborg 08,Maccabi Tel Aviv,3,1
APOEL,FC Astana,1,0
Sheriff Tiraspol,Qarabag,1,0
Sigma Olomouc,Sevilla,0,1
Suduva,Celtic,1,1
Trencin,AEK Larnaca,1,1
Torpedo Kutaisi,Ludogorets,0,1
Zenit Petersburg,Molde,3,1
Sp Braga,FK Zorya Luhansk,2,2
Valur,Sheriff Tiraspol,2,1
Bordeaux,Mariupol,2,1
Burnley,Basaksehir,1,0
Rijeka,Sarpsborg 08,0,1
Rosenborg,Cork City,3,0
FCSB,Hajduk Split,2,1
Feyenoord,Trencin,1,1
Gent,Jagiellonia,3,1
Partizan,Nordsjaelland,3,2
Rapid Vienna,Slovan Bratislava,4,0
Lech Poznan,Genk,1,2
Maribor,Rangers,0,0
Atalanta,Hapoel Haifa,2,0
Basel,Vitesse,1,0
Brondby,Sp. Subotica,2,1
Dudelange,Legia,2,2
Zrinjski,Ludogorets,1,1
Brest,Apollon,1,0
LASK Linz,Besiktas,2,1
Luzern,Olympiakos Piraeus,1,3
Maccabi Tel Aviv,Pyunik Yerevan,2,1
APOEL,H. Beer Sheva,3,1
CFR Cluj,Alashkert,5,0
Kukesi,Torpedo Kutaisi,2,0
Midtjylland,TNS,3,1
Molde,Hibernian,3,0
Suduva,Spartaks,0,0
Zalgiris,Sevilla,0,5
Zenit Petersburg,Din. Minsk,8,1
FC Copenhagen,CSKA Sofia,2,1
U Craiova 1948 CS,RB Leipzig,1,1
HJK,NK Olimpija Ljubljana,1,4
AEK Larnaca,Sturm Graz,5,0
Niedercorn,Ufa,2,2
K. Almaty,Sigma Olomouc,1,2
Sevilla,Zalgiris,1,0
Slovan Bratislava,Rapid Vienna,2,1
Legia,Dudelange,1,2
Cork City,Rosenborg,0,2
Hajduk Split,FCSB,0,0
Hibernian,Molde,0,0
Rangers,Maribor,3,1
Sarpsborg 08,Rijeka,1,1
Sp. Subotica,Brondby,0,2
TNS,Midtjylland,0,2
FK Zorya Luhansk,Sp Braga,1,1
Basaksehir,Burnley,0,0
Besiktas,LASK Linz,1,0
Genk,Lech Poznan,2,0
NK Olimpija Ljubljana,HJK,3,0
Olympiakos Piraeus,Luzern,4,0
Vitesse,Basel,0,1
CSKA Sofia,FC Copenhagen,1,2
Nordsjaelland,Partizan,1,2
Jagiellonia,Gent,0,1
Apollon,Brest,4,0
Din. Minsk,Zenit Petersburg,4,0
H. Beer Sheva,APOEL,2,2
Ludogorets,Zrinjski,1,0
Mariupol,Bordeaux,1,3
Sheriff Tiraspol,Valur,1,0
Sigma Olomouc,K. Almaty,2,0
Sturm Graz,AEK Larnaca,0,2
Torpedo Kutaisi,Kukesi,5,2
Trencin,Feyenoord,4,0
RB Leipzig,U Craiova 1948 CS,3,1
Alashkert,CFR Cluj,0,2
Hapoel Haifa,Atalanta,1,4
Spartaks,Suduva,0,1
Ufa,Niedercorn,2,1
Pyunik Yerevan,Maccabi Tel Aviv,0,0
Valur,FC Santa Coloma,3,0
Hafnarfjordur,Hapoel Haifa,0,1
Crusaders,NK Olimpija Ljubljana,1,1
Radnicki Nis,Maccabi Tel Aviv,2,2
Rio Ave,Jagiellonia,4,4
Ujpest,Sevilla,1,3
AZ Alkmaar,K. Almaty,2,1
Bordeaux,Ventspils,2,1
Burnley,Aberdeen,3,1
Drita,Dudelange,1,1
La Fiorita,Spartaks,0,3
Lech Poznan,Shakhtyor Soligorsk,3,1
Rangers,Osijek,1,1
Sarpsborg 08,St. Gallen,1,0
Domzale,Ufa,1,1
FCSB,Rudar,4,0
FK Sarajevo,Atalanta,0,8
Maribor,Chikhura,2,0
Asteras Tripolis,Hibernian,1,1
Besiktas,B36 Torshavn,6,0
FC Copenhagen,Stjarnan,5,0
Vikingur,Torpedo Kutaisi,0,4
Vitesse,Viitorul Constanta,3,1
Slovan Bratislava,Balzan,3,1
Atromitos,Brest,1,1
Admira,CSKA Sofia,1,3
AIK,Nordsjaelland,0,1
Apollon,Zeljeznicar,3,1
Lincoln Red Imps,TNS,1,1
Mariupol,Djurgarden,2,1
Niedercorn,Honved,2,0
Sparta Prague,Sp. Subotica,2,1
Vaduz,Zalgiris,1,1
Hacken,RB Leipzig,1,1
Lillestrom,LASK Linz,1,2
Din. Minsk,Dun. Streda,4,1
Flora,APOEL,2,0
Slavia Sofia,Hajduk Split,2,3
Trakai,Partizan,1,1
Valletta,Zrinjski,1,2
AEK Larnaca,Dundalk,4,0
Trencin,Gornik Z.,4,1
Alashkert,Sutjeska,0,0
Laci,Molde,0,2
Fola,Genk,1,4
Pyunik Yerevan,Tobol,1,0
Sevilla,Ujpest,4,0
Dun. Streda,Din. Minsk,1,3
Stjarnan,FC Copenhagen,0,2
Aberdeen,Burnley,1,1
Dundalk,AEK Larnaca,0,0
Hibernian,Asteras Tripolis,3,2
Osijek,Rangers,0,1
Sp. Subotica,Sparta Prague,2,0
Atalanta,FK Sarajevo,2,2
Partizan,Trakai,1,0
Zeljeznicar,Apollon,1,2
St. Gallen,Sarpsborg 08,2,1
B36 Torshavn,Besiktas,0,2
FC Santa Coloma,Valur,1,0
Genk,Fola,5,0
Gornik Z.,Trencin,0,1
Hajduk Split,Slavia Sofia,1,0
NK Olimpija Ljubljana,Crusaders,5,1
Sutjeska,Alashkert,0,1
TNS,Lincoln Red Imps,2,1
Brest,Atromitos,4,3
LASK Linz,Lillestrom,4,0
Nordsjaelland,AIK,1,0
Shakhtyor Soligorsk,Lech Poznan,1,1
Jagiellonia,Rio Ave,1,0
APOEL,Flora,5,0
CSKA Sofia,Admira,3,0
Djurgarden,Mariupol,1,1
Honved,Niedercorn,1,0
Maccabi Tel Aviv,Radnicki Nis,2,0
Molde,Laci,3,0
Zalgiris,Vaduz,1,0
Zrinjski,Valletta,1,1
Dudelange,Drita,2,1
RB Leipzig,Hacken,4,0
Balzan,Slovan Bratislava,2,1
Chikhura,Maribor,0,0
Hapoel Haifa,Hafnarfjordur,1,1
Torpedo Kutaisi,Vikingur,3,0
Rudar,FCSB,0,2
K. Almaty,AZ Alkmaar,2,0
Spartaks,La Fiorita,6,0
Tobol,Pyunik Yerevan,2,1
Viitorul Constanta,Vitesse,2,2
Ventspils,Bordeaux,0,1
Ufa,Domzale,0,0
Hafnarfjordur,Lahti,0,0
Domzale,Siroki Brijeg,1,1
Ujpest,Neftci Baku,4,0
Coleraine,Sp. Subotica,0,2
Dundalk,Levadia,2,1
NSI Runavik,Hibernian,4,6
Osijek,Petrocub,2,1
Tre Fiori,Rudar,0,3
Partizan,Rudar,3,0
Titograd,B36 Torshavn,1,2
Trencin,Buducnost,1,1
FK Sarajevo,Banants Yerevan,3,0
Maribor,Partizani,2,0
FC Copenhagen,KuPS,1,1
Luftetari Gjirokastra,Ventspils,3,3
Beitar Jerusalem,Chikhura,1,2
Niedercorn,Gabala,0,1
Nordsjaelland,Cliftonville,2,1
AIK,Shamrock Rovers,1,1
Apollon,Stumbras,2,0
Dinamo Tbilisi,Dun. Streda,1,2
Hacken,FK Liepaja,1,2
Keshla,Balzan,2,1
Maccabi Tel Aviv,Ferencvaros,1,0
Prishtina,Fola,0,1
Sarpsborg 08,Vestmannaeyjar,2,0
Shakhtyor Soligorsk,Connahs Q.,2,0
Vardar,Pyunik Yerevan,0,2
Zalgiris,Klaksvik,1,1
Zaria Balti,Gornik Z.,1,1
Riga FC,CSKA Sofia,1,1
Slovan Bratislava,Milsami,5,0
Gzira,Radnicki Nis,0,1
Kalju,Stjarnan,1,0
Molde,Glenavon,5,1
Slavia Sofia,Ilves,2,1
Din. Minsk,Derry City,1,2
Gandzasar,Lech Poznan,2,1
I. Pavlodar,Trakai,0,1
Laci,Anorthosis,1,0
Viitorul Constanta,Racing Luxembourg,0,0
K. Almaty,UE Engordany,7,1
Tobol,Samtredia,2,0
Zeljeznicar,Narva,3,1
Honved,Rabotnicki,4,0
Shkupi,Rangers,0,0
Levski Sofia,Vaduz,3,2
Stjarnan,Kalju,3,0
Dun. Streda,Dinamo Tbilisi,1,1
Radnicki Nis,Gzira,4,0
Cliftonville,Nordsjaelland,0,1
Hibernian,NSI Runavik,6,1
Lech Poznan,Gandzasar,2,0
Rangers,Shkupi,2,0
Sp. Subotica,Coleraine,1,1
Buducnost,Trencin,0,2
Rudar,Partizan,0,3
Shamrock Rovers,AIK,0,1
B36 Torshavn,Titograd,0,0
Gornik Z.,Zaria Balti,1,0
Racing Luxembourg,Viitorul Constanta,0,2
Siroki Brijeg,Domzale,2,2
UE Engordany,K. Almaty,0,3
Vestmannaeyjar,Sarpsborg 08,0,4
CSKA Sofia,Riga FC,1,0
Anorthosis,Laci,2,1
Connahs Q.,Shakhtyor Soligorsk,1,3
Derry City,Din. Minsk,0,2
Ferencvaros,Maccabi Tel Aviv,1,1
Milsami,Slovan Bratislava,2,4
Neftci Baku,Ujpest,3,1
Petrocub,Osijek,1,1
Stumbras,Apollon,1,0
FK Liepaja,Hacken,0,3
Balzan,Keshla,4,1
Gabala,Niedercorn,0,2
Ilves,Slavia Sofia,0,1
KuPS,FC Copenhagen,0,1
Lahti,Hafnarfjordur,0,3
Levadia,Dundalk,0,1
Narva,Zeljeznicar,0,2
Trakai,I. Pavlodar,0,0
Partizani,Maribor,0,1
Rudar,Tre Fiori,7,0
Chikhura,Beitar Jerusalem,0,0
Ventspils,Luftetari Gjirokastra,5,0
Pyunik Yerevan,Vardar,1,0
Glenavon,Molde,2,1
Fola,Prishtina,0,0
Klaksvik,Zalgiris,1,2
Vaduz,Levski Sofia,1,0
Rabotnicki,Honved,2,1
Banants Yerevan,FK Sarajevo,1,2
Samtredia,Tobol,0,1
Folgore,UE Engordany,1,1
Klaksvik,Birkirkara,2,1
Bala,Tre Fiori,1,0
Gzira,Sant Julia,2,1
Prishtina,Europa FC,5,0
Trakai,Druids,1,0
St Josephs,B36 Torshavn,1,2
Tre Fiori,Bala,3,0
B36 Torshavn,St Josephs,1,1
Druids,Trakai,1,1
UE Engordany,Folgore,2,1
Birkirkara,Klaksvik,1,1
Europa FC,Prishtina,1,1
Sant Julia,Gzira,0,2
